<?xml version = '1.0' encoding = 'UTF-8'?>
<Entity class="oracle.dbtools.crest.model.design.logical.Entity" directorySegmentName="seg_0" id="0BC7BE44-A1F7-93C7-0F4A-4560F5EDE579" name="VISA">
<createdBy>figue</createdBy>
<createdTime>2026-01-27 20:45:06 UTC</createdTime>
<ownerDesignName>Formativa3</ownerDesignName>
<engineerTo>
<item key="170F89DA-453D-8097-A52B-492E5D132143" value="true"/>
</engineerTo>
<adequatelyNormalized>NO</adequatelyNormalized>
<expectedVolumes>0</expectedVolumes>
<fwdEngineeringStrategyName>Single Table</fwdEngineeringStrategyName>
<growthPercent>0</growthPercent>
<growthType>Year</growthType>
<maxVolumes>9999999</maxVolumes>
<minVolumes>0</minVolumes>
<normalForm>Third</normalForm>
<attributes itemClass="oracle.dbtools.crest.model.design.logical.Attribute">
<Attribute name="identificador_visa" id="782C62BA-C0A7-977E-FB82-2DA8F5E5C73A">
<createdBy>figue</createdBy>
<createdTime>2026-01-27 20:45:32 UTC</createdTime>
<ownerDesignName>Formativa3</ownerDesignName>
<engineerTo>
<item key="170F89DA-453D-8097-A52B-492E5D132143" value="true"/>
</engineerTo>
<use>0</use>
<ownDataTypeParameters>,,</ownDataTypeParameters>
</Attribute>
<Attribute name="_fecha_visa" id="E803CF1F-8C1E-35DF-1463-931BC68B0596">
<createdBy>figue</createdBy>
<createdTime>2026-01-27 20:45:15 UTC</createdTime>
<ownerDesignName>Formativa3</ownerDesignName>
<engineerTo>
<item key="170F89DA-453D-8097-A52B-492E5D132143" value="true"/>
</engineerTo>
<use>0</use>
<ownDataTypeParameters>,,</ownDataTypeParameters>
</Attribute>
<Attribute name="id_postulante" id="631684B2-109A-99A7-09B5-8D1BA064E050">
<createdBy>figue</createdBy>
<createdTime>2026-01-27 20:54:36 UTC</createdTime>
<generatorID>989D7C9E-09BB-0156-F742-9131D6B6E66B</generatorID>
<ownerDesignName>Formativa3</ownerDesignName>
<engineerTo>
<item key="170F89DA-453D-8097-A52B-492E5D132143" value="true"/>
</engineerTo>
<referedAttribute>9A29FBCA-423D-BF20-B6C1-AC0CEC0D1500</referedAttribute>
<use>1</use>
<logicalDatatype>LOGDT019</logicalDatatype>
<ownDataTypeParameters>,,</ownDataTypeParameters>
</Attribute>
</attributes>
<identifiers itemClass="oracle.dbtools.crest.model.design.logical.CandidateKey">
<identifier id="31C5DCCA-1D57-926D-482D-E312D26A5FC7" name="VISA PK">
<createdBy>figue</createdBy>
<createdTime>2026-01-27 20:45:46 UTC</createdTime>
<ownerDesignName>Formativa3</ownerDesignName>
<engineerTo>
<item key="170F89DA-453D-8097-A52B-492E5D132143" value="true"/>
</engineerTo>
<pk>true</pk>
<usedAttributes>
<attributeRef>782C62BA-C0A7-977E-FB82-2DA8F5E5C73A</attributeRef>
</usedAttributes>
</identifier>
</identifiers>
</Entity>