<?xml version = '1.0' encoding = 'UTF-8'?>
<Entity class="oracle.dbtools.crest.model.design.logical.Entity" directorySegmentName="seg_0" id="38CBA4FB-E00F-517B-A84F-BBF54E658A5D" name="POSTULANTE_ER_EXTRANJ">
<createdBy>figue</createdBy>
<createdTime>2026-01-27 20:48:32 UTC</createdTime>
<ownerDesignName>Formativa3</ownerDesignName>
<engineerTo>
<item key="170F89DA-453D-8097-A52B-492E5D132143" value="true"/>
</engineerTo>
<adequatelyNormalized>NO</adequatelyNormalized>
<expectedVolumes>0</expectedVolumes>
<fwdEngineeringStrategyName>Single Table</fwdEngineeringStrategyName>
<growthPercent>0</growthPercent>
<growthType>Year</growthType>
<hierarchicalParent>F41657EB-6CA1-F636-8451-4B4BABE5A6E7</hierarchicalParent>
<maxVolumes>9999999</maxVolumes>
<minVolumes>0</minVolumes>
<normalForm>Third</normalForm>
<attributes itemClass="oracle.dbtools.crest.model.design.logical.Attribute">
<Attribute name="nivel_idioma" id="5DAB6FAD-B544-43E9-5375-EB042BCC0238">
<createdBy>figue</createdBy>
<createdTime>2026-01-27 20:48:56 UTC</createdTime>
<ownerDesignName>Formativa3</ownerDesignName>
<engineerTo>
<item key="170F89DA-453D-8097-A52B-492E5D132143" value="true"/>
</engineerTo>
<nullsAllowed>true</nullsAllowed>
<use>0</use>
<ownDataTypeParameters>,,</ownDataTypeParameters>
</Attribute>
<Attribute name="identificador_visa" id="468E0D01-8BC4-52F8-96E3-097B02E18071">
<createdBy>figue</createdBy>
<createdTime>2026-01-27 20:54:58 UTC</createdTime>
<generatorID>989D7C9E-09BB-0156-F742-9131D6B6E66B</generatorID>
<ownerDesignName>Formativa3</ownerDesignName>
<engineerTo>
<item key="170F89DA-453D-8097-A52B-492E5D132143" value="true"/>
</engineerTo>
<referedAttribute>782C62BA-C0A7-977E-FB82-2DA8F5E5C73A</referedAttribute>
<use>0</use>
<ownDataTypeParameters>,,</ownDataTypeParameters>
</Attribute>
</attributes>
</Entity>