<?xml version = '1.0' encoding = 'UTF-8'?>
<Entity class="oracle.dbtools.crest.model.design.logical.Entity" directorySegmentName="seg_0" id="3914540B-A70C-BA41-6328-0F00DCD9FB16" name="ESTADO">
<createdBy>figue</createdBy>
<createdTime>2026-01-27 19:51:52 UTC</createdTime>
<ownerDesignName>Formativa3</ownerDesignName>
<engineerTo>
<item key="170F89DA-453D-8097-A52B-492E5D132143" value="true"/>
</engineerTo>
<adequatelyNormalized>NO</adequatelyNormalized>
<expectedVolumes>0</expectedVolumes>
<fwdEngineeringStrategyName>Single Table</fwdEngineeringStrategyName>
<growthPercent>0</growthPercent>
<growthType>Year</growthType>
<maxVolumes>9999999</maxVolumes>
<minVolumes>0</minVolumes>
<normalForm>Third</normalForm>
<attributes itemClass="oracle.dbtools.crest.model.design.logical.Attribute">
<Attribute name="codigo_estado" id="3B3B23E2-84A9-B33B-D651-73F10D851944">
<createdBy>figue</createdBy>
<createdTime>2026-01-27 20:13:12 UTC</createdTime>
<ownerDesignName>Formativa3</ownerDesignName>
<engineerTo>
<item key="170F89DA-453D-8097-A52B-492E5D132143" value="true"/>
</engineerTo>
<use>0</use>
<ownDataTypeParameters>,,</ownDataTypeParameters>
</Attribute>
<Attribute name="nombre_estado" id="A44423E2-E138-41E2-E070-1C7712E7B5AC">
<createdBy>figue</createdBy>
<createdTime>2026-01-27 20:13:19 UTC</createdTime>
<ownerDesignName>Formativa3</ownerDesignName>
<engineerTo>
<item key="170F89DA-453D-8097-A52B-492E5D132143" value="true"/>
</engineerTo>
<use>0</use>
<ownDataTypeParameters>,,</ownDataTypeParameters>
</Attribute>
<Attribute name="codigo_pais" id="E3B335F1-687A-F376-C291-5890AFC44F54">
<createdBy>figue</createdBy>
<createdTime>2026-01-27 20:51:59 UTC</createdTime>
<generatorID>9EA7CA47-2649-BD2D-B65C-E8906DFE4FDC</generatorID>
<ownerDesignName>Formativa3</ownerDesignName>
<engineerTo>
<item key="170F89DA-453D-8097-A52B-492E5D132143" value="true"/>
</engineerTo>
<referedAttribute>2B1FC1C9-9C80-BE7A-14D2-F2619BABD367</referedAttribute>
<use>1</use>
<logicalDatatype>LOGDT019</logicalDatatype>
<dataTypePrecision>10</dataTypePrecision>
<ownDataTypeParameters>,,</ownDataTypeParameters>
</Attribute>
<Attribute name="id_empresa" id="07A34DC4-4C6C-BB47-14E0-05854117A700">
<createdBy>figue</createdBy>
<createdTime>2026-01-29 18:16:40 UTC</createdTime>
<generatorID>F1DF51F4-5F05-98B6-1480-C07DD6AFE279</generatorID>
<ownerDesignName>Formativa3</ownerDesignName>
<engineerTo>
<item key="170F89DA-453D-8097-A52B-492E5D132143" value="true"/>
</engineerTo>
<referedAttribute>54B10CBB-B469-8827-E499-75BE25531715</referedAttribute>
<use>1</use>
<logicalDatatype>LOGDT019</logicalDatatype>
<dataTypePrecision>9</dataTypePrecision>
<ownDataTypeParameters>,,</ownDataTypeParameters>
</Attribute>
</attributes>
<identifiers itemClass="oracle.dbtools.crest.model.design.logical.CandidateKey">
<identifier id="91DE26C3-E496-01D3-0A9B-78187D8907C5" name="ESTADO PK">
<createdBy>figue</createdBy>
<createdTime>2026-01-27 20:52:06 UTC</createdTime>
<ownerDesignName>Formativa3</ownerDesignName>
<engineerTo>
<item key="170F89DA-453D-8097-A52B-492E5D132143" value="true"/>
</engineerTo>
<pk>true</pk>
<usedAttributes>
<attributeRef>3B3B23E2-84A9-B33B-D651-73F10D851944</attributeRef>
</usedAttributes>
</identifier>
</identifiers>
</Entity>