<?xml version = '1.0' encoding = 'UTF-8'?>
<Entity class="oracle.dbtools.crest.model.design.logical.Entity" directorySegmentName="seg_0" id="70928B3B-62AD-B0F0-18E9-A1A52D4F654E" name="COMUNA">
<createdBy>figue</createdBy>
<createdTime>2026-01-27 19:51:30 UTC</createdTime>
<ownerDesignName>Formativa3</ownerDesignName>
<engineerTo>
<item key="170F89DA-453D-8097-A52B-492E5D132143" value="true"/>
</engineerTo>
<adequatelyNormalized>NO</adequatelyNormalized>
<expectedVolumes>0</expectedVolumes>
<fwdEngineeringStrategyName>Single Table</fwdEngineeringStrategyName>
<growthPercent>0</growthPercent>
<growthType>Year</growthType>
<maxVolumes>9999999</maxVolumes>
<minVolumes>0</minVolumes>
<normalForm>Third</normalForm>
<attributes itemClass="oracle.dbtools.crest.model.design.logical.Attribute">
<Attribute name="codigo_postal" id="465E231A-71E6-78E4-A135-0B62D706F4B8">
<createdBy>figue</createdBy>
<createdTime>2026-01-27 20:10:46 UTC</createdTime>
<ownerDesignName>Formativa3</ownerDesignName>
<engineerTo>
<item key="170F89DA-453D-8097-A52B-492E5D132143" value="true"/>
</engineerTo>
<use>0</use>
<ownDataTypeParameters>,,</ownDataTypeParameters>
</Attribute>
<Attribute name="nombre_comuna" id="2713415C-F443-9469-C238-536092E4C18B">
<createdBy>figue</createdBy>
<createdTime>2026-01-27 20:10:55 UTC</createdTime>
<ownerDesignName>Formativa3</ownerDesignName>
<engineerTo>
<item key="170F89DA-453D-8097-A52B-492E5D132143" value="true"/>
</engineerTo>
<use>0</use>
<ownDataTypeParameters>,,</ownDataTypeParameters>
</Attribute>
<Attribute name="codigo_ciudad" id="9D5AF70D-2D09-3508-D3B5-865DD1F8A365">
<createdBy>figue</createdBy>
<createdTime>2026-01-27 20:29:49 UTC</createdTime>
<generatorID>8D19BDEF-1089-0090-5A6B-455FF1E0B9DC</generatorID>
<ownerDesignName>Formativa3</ownerDesignName>
<engineerTo>
<item key="170F89DA-453D-8097-A52B-492E5D132143" value="true"/>
</engineerTo>
<referedAttribute>ED6FFC44-11EF-2F26-8FAA-24BD50B57F31</referedAttribute>
<use>0</use>
<ownDataTypeParameters>,,</ownDataTypeParameters>
</Attribute>
<Attribute name="id_empresa" id="C0660400-1A89-0BEF-4C15-0900FF214CF8">
<createdBy>figue</createdBy>
<createdTime>2026-01-29 18:16:40 UTC</createdTime>
<generatorID>3F7CD9D8-AA99-DD74-5596-1F0DD472C959</generatorID>
<ownerDesignName>Formativa3</ownerDesignName>
<engineerTo>
<item key="170F89DA-453D-8097-A52B-492E5D132143" value="true"/>
</engineerTo>
<referedAttribute>54B10CBB-B469-8827-E499-75BE25531715</referedAttribute>
<use>1</use>
<logicalDatatype>LOGDT019</logicalDatatype>
<dataTypePrecision>9</dataTypePrecision>
<ownDataTypeParameters>,,</ownDataTypeParameters>
</Attribute>
<Attribute name="id_empresa1" id="6D8AC0D9-2C98-B70F-05F2-D2E8D38F38EF">
<createdBy>figue</createdBy>
<createdTime>2026-01-29 18:16:40 UTC</createdTime>
<generatorID>026F9539-EF81-9DA7-10C4-B935CD2943AC</generatorID>
<ownerDesignName>Formativa3</ownerDesignName>
<engineerTo>
<item key="170F89DA-453D-8097-A52B-492E5D132143" value="true"/>
</engineerTo>
<referedAttribute>54B10CBB-B469-8827-E499-75BE25531715</referedAttribute>
<use>1</use>
<logicalDatatype>LOGDT019</logicalDatatype>
<dataTypePrecision>9</dataTypePrecision>
<ownDataTypeParameters>,,</ownDataTypeParameters>
</Attribute>
</attributes>
<identifiers itemClass="oracle.dbtools.crest.model.design.logical.CandidateKey">
<identifier id="030DD04C-DE58-F8DC-DE24-676A4709BB9A" name="COMUNA PK">
<createdBy>figue</createdBy>
<createdTime>2026-01-27 20:51:53 UTC</createdTime>
<ownerDesignName>Formativa3</ownerDesignName>
<engineerTo>
<item key="170F89DA-453D-8097-A52B-492E5D132143" value="true"/>
</engineerTo>
<pk>true</pk>
<usedAttributes>
<attributeRef>465E231A-71E6-78E4-A135-0B62D706F4B8</attributeRef>
</usedAttributes>
</identifier>
</identifiers>
</Entity>