<?xml version = '1.0' encoding = 'UTF-8'?>
<Entity class="oracle.dbtools.crest.model.design.logical.Entity" directorySegmentName="seg_0" id="70C59E64-1D82-C0F2-075D-C7542CCA8175" name="CIUDAD">
<createdBy>figue</createdBy>
<createdTime>2026-01-27 20:10:05 UTC</createdTime>
<ownerDesignName>Formativa3</ownerDesignName>
<engineerTo>
<item key="170F89DA-453D-8097-A52B-492E5D132143" value="true"/>
</engineerTo>
<adequatelyNormalized>NO</adequatelyNormalized>
<expectedVolumes>0</expectedVolumes>
<fwdEngineeringStrategyName>Single Table</fwdEngineeringStrategyName>
<growthPercent>0</growthPercent>
<growthType>Year</growthType>
<maxVolumes>9999999</maxVolumes>
<minVolumes>0</minVolumes>
<normalForm>Third</normalForm>
<attributes itemClass="oracle.dbtools.crest.model.design.logical.Attribute">
<Attribute name="codigo_ciudad" id="ED6FFC44-11EF-2F26-8FAA-24BD50B57F31">
<createdBy>figue</createdBy>
<createdTime>2026-01-27 20:10:23 UTC</createdTime>
<ownerDesignName>Formativa3</ownerDesignName>
<engineerTo>
<item key="170F89DA-453D-8097-A52B-492E5D132143" value="true"/>
</engineerTo>
<use>0</use>
<ownDataTypeParameters>,,</ownDataTypeParameters>
</Attribute>
<Attribute name="nombre:_ciudad" id="9D974687-19CC-FFAC-6B16-B30A295E64C5">
<createdBy>figue</createdBy>
<createdTime>2026-01-27 20:10:30 UTC</createdTime>
<ownerDesignName>Formativa3</ownerDesignName>
<engineerTo>
<item key="170F89DA-453D-8097-A52B-492E5D132143" value="true"/>
</engineerTo>
<use>0</use>
<ownDataTypeParameters>,,</ownDataTypeParameters>
</Attribute>
<Attribute name="codigo_pais" id="B5AF1467-BCB2-82E5-9E43-012D3E9B622B">
<createdBy>figue</createdBy>
<createdTime>2026-01-27 20:51:59 UTC</createdTime>
<generatorID>C31E6789-011A-380A-AB56-1FEB81D69B2C</generatorID>
<ownerDesignName>Formativa3</ownerDesignName>
<engineerTo>
<item key="170F89DA-453D-8097-A52B-492E5D132143" value="true"/>
</engineerTo>
<referedAttribute>2B1FC1C9-9C80-BE7A-14D2-F2619BABD367</referedAttribute>
<use>0</use>
<ownDataTypeParameters>,,</ownDataTypeParameters>
</Attribute>
</attributes>
<identifiers itemClass="oracle.dbtools.crest.model.design.logical.CandidateKey">
<identifier id="AF733604-820E-2072-A659-B337DDB9A39A" name="CIUDAD PK">
<createdBy>figue</createdBy>
<createdTime>2026-01-27 20:10:29 UTC</createdTime>
<ownerDesignName>Formativa3</ownerDesignName>
<engineerTo>
<item key="170F89DA-453D-8097-A52B-492E5D132143" value="true"/>
</engineerTo>
<pk>true</pk>
<usedAttributes>
<attributeRef>ED6FFC44-11EF-2F26-8FAA-24BD50B57F31</attributeRef>
</usedAttributes>
</identifier>
</identifiers>
</Entity>