<?xml version = '1.0' encoding = 'UTF-8'?>
<Entity class="oracle.dbtools.crest.model.design.logical.Entity" directorySegmentName="seg_0" id="914E6834-3BC6-F2F8-B114-2476C80A50F3" name="POST_IDIOMA">
<createdBy>figue</createdBy>
<createdTime>2026-01-29 12:56:52 UTC</createdTime>
<ownerDesignName>Formativa3</ownerDesignName>
<engineerTo>
<item key="170F89DA-453D-8097-A52B-492E5D132143" value="true"/>
</engineerTo>
<adequatelyNormalized>NO</adequatelyNormalized>
<expectedVolumes>0</expectedVolumes>
<fwdEngineeringStrategyName>Single Table</fwdEngineeringStrategyName>
<growthPercent>0</growthPercent>
<growthType>Year</growthType>
<maxVolumes>9999999</maxVolumes>
<minVolumes>0</minVolumes>
<normalForm>Third</normalForm>
<attributes itemClass="oracle.dbtools.crest.model.design.logical.Attribute">
<Attribute name="fecha_acreditacion" id="CE15E64D-D0DE-4079-0DE7-68034C68388C">
<createdBy>figue</createdBy>
<createdTime>2026-01-29 12:57:07 UTC</createdTime>
<ownerDesignName>Formativa3</ownerDesignName>
<engineerTo>
<item key="170F89DA-453D-8097-A52B-492E5D132143" value="true"/>
</engineerTo>
<useDomainConstraints>false</useDomainConstraints>
<use>1</use>
<logicalDatatype>LOGDT007</logicalDatatype>
<ownDataTypeParameters>,,</ownDataTypeParameters>
</Attribute>
<Attribute name="id_nivel" id="3CD1ECEF-6236-A70F-0C7F-683A18763EBF">
<createdBy>figue</createdBy>
<createdTime>2026-01-29 18:20:49 UTC</createdTime>
<generatorID>F855C8E0-3277-41B5-6598-B34B1421EEEB</generatorID>
<ownerDesignName>Formativa3</ownerDesignName>
<engineerTo>
<item key="170F89DA-453D-8097-A52B-492E5D132143" value="true"/>
</engineerTo>
<referedAttribute>7388B619-F4B8-F4A9-8F9D-C4E188BF6713</referedAttribute>
<useDomainConstraints>false</useDomainConstraints>
<use>1</use>
<logicalDatatype>LOGDT019</logicalDatatype>
<dataTypePrecision>2</dataTypePrecision>
<ownDataTypeParameters>,,</ownDataTypeParameters>
</Attribute>
<Attribute name="id_idioma" id="D94371D1-F32F-AC71-44FA-1E1625EEB636">
<createdBy>figue</createdBy>
<createdTime>2026-01-29 18:22:28 UTC</createdTime>
<generatorID>10D736F0-67A0-257A-4EB4-BE3F42FA02A0</generatorID>
<ownerDesignName>Formativa3</ownerDesignName>
<engineerTo>
<item key="170F89DA-453D-8097-A52B-492E5D132143" value="true"/>
</engineerTo>
<referedAttribute>44B36A9A-A6B7-9C29-8171-6734339428E7</referedAttribute>
<useDomainConstraints>false</useDomainConstraints>
<use>1</use>
<logicalDatatype>LOGDT019</logicalDatatype>
<dataTypePrecision>4</dataTypePrecision>
<ownDataTypeParameters>,,</ownDataTypeParameters>
</Attribute>
<Attribute name="id_visa" id="0C681BD1-4D05-3FAA-CCB4-48D962AA2514">
<createdBy>figue</createdBy>
<createdTime>2026-01-29 23:14:52 UTC</createdTime>
<generatorID>10D736F0-67A0-257A-4EB4-BE3F42FA02A0</generatorID>
<ownerDesignName>Formativa3</ownerDesignName>
<engineerTo>
<item key="170F89DA-453D-8097-A52B-492E5D132143" value="true"/>
</engineerTo>
<referedAttribute>D7BD1407-87C1-F3ED-4801-13D6CD7F669E</referedAttribute>
<useDomainConstraints>false</useDomainConstraints>
<use>1</use>
<logicalDatatype>LOGDT024</logicalDatatype>
<dataTypeSize>13</dataTypeSize>
<ownDataTypeParameters>,,</ownDataTypeParameters>
</Attribute>
</attributes>
<identifiers itemClass="oracle.dbtools.crest.model.design.logical.CandidateKey">
<identifier id="06E2900A-FE6C-18FA-F2CD-F6CB4C3B02D1" name="POST_IDIOMA PK">
<createdBy>figue</createdBy>
<createdTime>2026-01-29 23:03:24 UTC</createdTime>
<ownerDesignName>Formativa3</ownerDesignName>
<engineerTo>
<item key="170F89DA-453D-8097-A52B-492E5D132143" value="true"/>
</engineerTo>
<pk>true</pk>
</identifier>
</identifiers>
</Entity>