<?xml version = '1.0' encoding = 'UTF-8'?>
<Entity class="oracle.dbtools.crest.model.design.logical.Entity" directorySegmentName="seg_0" id="B8704014-496E-C729-6A9B-9A960DB3DC05" name="POSTULANTE_ER_CHILE">
<createdBy>figue</createdBy>
<createdTime>2026-01-27 20:40:23 UTC</createdTime>
<ownerDesignName>Formativa3</ownerDesignName>
<engineerTo>
<item key="170F89DA-453D-8097-A52B-492E5D132143" value="true"/>
</engineerTo>
<adequatelyNormalized>NO</adequatelyNormalized>
<expectedVolumes>0</expectedVolumes>
<fwdEngineeringStrategyName>Single Table</fwdEngineeringStrategyName>
<growthPercent>0</growthPercent>
<growthType>Year</growthType>
<hierarchicalParent>F41657EB-6CA1-F636-8451-4B4BABE5A6E7</hierarchicalParent>
<maxVolumes>9999999</maxVolumes>
<minVolumes>0</minVolumes>
<normalForm>Third</normalForm>
<attributes itemClass="oracle.dbtools.crest.model.design.logical.Attribute">
<Attribute name="pretencion_renta" id="01AA69FC-3C36-A5E3-F43D-CD1CEE2047EA">
<createdBy>figue</createdBy>
<createdTime>2026-01-27 20:42:57 UTC</createdTime>
<ownerDesignName>Formativa3</ownerDesignName>
<engineerTo>
<item key="170F89DA-453D-8097-A52B-492E5D132143" value="true"/>
</engineerTo>
<useDomainConstraints>false</useDomainConstraints>
<use>1</use>
<ownDataTypeParameters>,,</ownDataTypeParameters>
</Attribute>
</attributes>
</Entity>