<?xml version = '1.0' encoding = 'UTF-8'?>
<Entity class="oracle.dbtools.crest.model.design.logical.Entity" directorySegmentName="seg_0" id="C55E54C8-A391-0E51-61C0-9E6CE26C2C0E" name="POSTULACION">
<createdBy>figue</createdBy>
<createdTime>2026-01-27 20:21:34 UTC</createdTime>
<ownerDesignName>Formativa3</ownerDesignName>
<engineerTo>
<item key="170F89DA-453D-8097-A52B-492E5D132143" value="true"/>
</engineerTo>
<adequatelyNormalized>NO</adequatelyNormalized>
<expectedVolumes>0</expectedVolumes>
<fwdEngineeringStrategyName>Single Table</fwdEngineeringStrategyName>
<growthPercent>0</growthPercent>
<growthType>Year</growthType>
<maxVolumes>9999999</maxVolumes>
<minVolumes>0</minVolumes>
<normalForm>Third</normalForm>
<attributes itemClass="oracle.dbtools.crest.model.design.logical.Attribute">
<Attribute name="folio_postulacion" id="69C27A47-6CC3-55A1-FF79-3D85BBF91BEF">
<createdBy>figue</createdBy>
<createdTime>2026-01-27 20:21:49 UTC</createdTime>
<ownerDesignName>Formativa3</ownerDesignName>
<engineerTo>
<item key="170F89DA-453D-8097-A52B-492E5D132143" value="true"/>
</engineerTo>
<useDomainConstraints>false</useDomainConstraints>
<use>1</use>
<logicalDatatype>LOGDT019</logicalDatatype>
<dataTypePrecision>12</dataTypePrecision>
<ownDataTypeParameters>,12,</ownDataTypeParameters>
</Attribute>
<Attribute name="fecha_postulacion" id="76DF4ADD-F011-E54B-DAB5-B83CD350D4E6">
<createdBy>figue</createdBy>
<createdTime>2026-01-27 20:22:00 UTC</createdTime>
<ownerDesignName>Formativa3</ownerDesignName>
<engineerTo>
<item key="170F89DA-453D-8097-A52B-492E5D132143" value="true"/>
</engineerTo>
<useDomainConstraints>false</useDomainConstraints>
<use>1</use>
<logicalDatatype>LOGDT007</logicalDatatype>
<ownDataTypeParameters>,,</ownDataTypeParameters>
</Attribute>
<Attribute name="id_postulante" id="5792D8D4-72B3-0E62-6F45-6336BB936E95">
<createdBy>figue</createdBy>
<createdTime>2026-01-29 21:21:36 UTC</createdTime>
<generatorID>5A93E256-5830-0879-00BF-2A740A812251</generatorID>
<ownerDesignName>Formativa3</ownerDesignName>
<engineerTo>
<item key="170F89DA-453D-8097-A52B-492E5D132143" value="true"/>
</engineerTo>
<referedAttribute>9A29FBCA-423D-BF20-B6C1-AC0CEC0D1500</referedAttribute>
<useDomainConstraints>false</useDomainConstraints>
<use>1</use>
<logicalDatatype>LOGDT019</logicalDatatype>
<dataTypePrecision>12</dataTypePrecision>
<ownDataTypeParameters>,12,</ownDataTypeParameters>
</Attribute>
<Attribute name="id_empresa" id="764F7651-4A0B-C615-A09C-85B5E81530D6">
<createdBy>figue</createdBy>
<createdTime>2026-01-29 21:31:25 UTC</createdTime>
<generatorID>BB7707B4-F3FC-32AD-4DE1-7BC2BCE49224</generatorID>
<ownerDesignName>Formativa3</ownerDesignName>
<engineerTo>
<item key="170F89DA-453D-8097-A52B-492E5D132143" value="true"/>
</engineerTo>
<referedAttribute>54B10CBB-B469-8827-E499-75BE25531715</referedAttribute>
<useDomainConstraints>false</useDomainConstraints>
<use>1</use>
<logicalDatatype>LOGDT019</logicalDatatype>
<dataTypePrecision>9</dataTypePrecision>
<ownDataTypeParameters>,9,</ownDataTypeParameters>
</Attribute>
</attributes>
<identifiers itemClass="oracle.dbtools.crest.model.design.logical.CandidateKey">
<identifier id="C6A7155E-9B80-F2F8-E010-88267932F435" name="POSTULACION PK">
<createdBy>figue</createdBy>
<createdTime>2026-01-27 20:23:09 UTC</createdTime>
<ownerDesignName>Formativa3</ownerDesignName>
<engineerTo>
<item key="170F89DA-453D-8097-A52B-492E5D132143" value="true"/>
</engineerTo>
<pk>true</pk>
<usedAttributes>
<attributeRef>69C27A47-6CC3-55A1-FF79-3D85BBF91BEF</attributeRef>
<attributeRef>5792D8D4-72B3-0E62-6F45-6336BB936E95</attributeRef>
</usedAttributes>
</identifier>
<identifier id="E6E41647-BBBA-2AAD-655D-0120B503FC79" name="Key_2">
<createdBy>figue</createdBy>
<createdTime>2026-01-29 12:17:34 UTC</createdTime>
<ownerDesignName>Formativa3</ownerDesignName>
<engineerTo>
<item key="170F89DA-453D-8097-A52B-492E5D132143" value="true"/>
</engineerTo>
</identifier>
</identifiers>
</Entity>