<?xml version = '1.0' encoding = 'UTF-8'?>
<Entity class="oracle.dbtools.crest.model.design.logical.Entity" directorySegmentName="seg_0" id="C5E088AD-85E6-6A1A-E879-28519731B106" name="IDIOMA">
<createdBy>figue</createdBy>
<createdTime>2026-01-29 11:16:55 UTC</createdTime>
<ownerDesignName>Formativa3</ownerDesignName>
<engineerTo>
<item key="170F89DA-453D-8097-A52B-492E5D132143" value="true"/>
</engineerTo>
<adequatelyNormalized>NO</adequatelyNormalized>
<expectedVolumes>0</expectedVolumes>
<fwdEngineeringStrategyName>Single Table</fwdEngineeringStrategyName>
<growthPercent>0</growthPercent>
<growthType>Year</growthType>
<maxVolumes>9999999</maxVolumes>
<minVolumes>0</minVolumes>
<normalForm>Third</normalForm>
<attributes itemClass="oracle.dbtools.crest.model.design.logical.Attribute">
<Attribute name="id_idioma" id="44B36A9A-A6B7-9C29-8171-6734339428E7">
<createdBy>figue</createdBy>
<createdTime>2026-01-29 11:17:05 UTC</createdTime>
<ownerDesignName>Formativa3</ownerDesignName>
<engineerTo>
<item key="170F89DA-453D-8097-A52B-492E5D132143" value="true"/>
</engineerTo>
<useDomainConstraints>false</useDomainConstraints>
<use>1</use>
<logicalDatatype>LOGDT019</logicalDatatype>
<dataTypePrecision>4</dataTypePrecision>
<ownDataTypeParameters>,4,</ownDataTypeParameters>
</Attribute>
<Attribute name="nombre_idioma" id="C163418F-22A1-5F26-6257-57B146559314">
<createdBy>figue</createdBy>
<createdTime>2026-01-29 11:17:14 UTC</createdTime>
<ownerDesignName>Formativa3</ownerDesignName>
<engineerTo>
<item key="170F89DA-453D-8097-A52B-492E5D132143" value="true"/>
</engineerTo>
<useDomainConstraints>false</useDomainConstraints>
<use>1</use>
<logicalDatatype>LOGDT024</logicalDatatype>
<dataTypeSize>50</dataTypeSize>
<ownDataTypeParameters>50,,</ownDataTypeParameters>
</Attribute>
<Attribute name="id_visa" id="D7BD1407-87C1-F3ED-4801-13D6CD7F669E">
<createdBy>figue</createdBy>
<createdTime>2026-01-29 22:59:50 UTC</createdTime>
<generatorID>8A0DE2B7-40E2-A2B9-E759-E982363DF529</generatorID>
<ownerDesignName>Formativa3</ownerDesignName>
<engineerTo>
<item key="170F89DA-453D-8097-A52B-492E5D132143" value="true"/>
</engineerTo>
<referedAttribute>013E9A2A-BE61-76E7-7599-ACBA86C61292</referedAttribute>
<useDomainConstraints>false</useDomainConstraints>
<use>1</use>
<logicalDatatype>LOGDT024</logicalDatatype>
<dataTypeSize>13</dataTypeSize>
<ownDataTypeParameters>,,</ownDataTypeParameters>
</Attribute>
</attributes>
<identifiers itemClass="oracle.dbtools.crest.model.design.logical.CandidateKey">
<identifier id="586F5EF3-E247-B0CF-63C2-AC723DE1A7C9" name="IDIOMA PK">
<createdBy>figue</createdBy>
<createdTime>2026-01-29 18:21:40 UTC</createdTime>
<ownerDesignName>Formativa3</ownerDesignName>
<engineerTo>
<item key="170F89DA-453D-8097-A52B-492E5D132143" value="true"/>
</engineerTo>
<pk>true</pk>
<usedAttributes>
<attributeRef>44B36A9A-A6B7-9C29-8171-6734339428E7</attributeRef>
<attributeRef>D7BD1407-87C1-F3ED-4801-13D6CD7F669E</attributeRef>
</usedAttributes>
</identifier>
</identifiers>
</Entity>