<?xml version = '1.0' encoding = 'UTF-8'?>
<Entity class="oracle.dbtools.crest.model.design.logical.Entity" directorySegmentName="seg_0" id="C83F71E1-E3AE-6513-1B03-B9CD06E2C065" name="POSTULANTE_PROFESION">
<createdBy>figue</createdBy>
<createdTime>2026-01-29 12:10:04 UTC</createdTime>
<ownerDesignName>Formativa3</ownerDesignName>
<engineerTo>
<item key="170F89DA-453D-8097-A52B-492E5D132143" value="true"/>
</engineerTo>
<adequatelyNormalized>NO</adequatelyNormalized>
<expectedVolumes>0</expectedVolumes>
<fwdEngineeringStrategyName>Single Table</fwdEngineeringStrategyName>
<growthPercent>0</growthPercent>
<growthType>Year</growthType>
<maxVolumes>9999999</maxVolumes>
<minVolumes>0</minVolumes>
<normalForm>Third</normalForm>
<attributes itemClass="oracle.dbtools.crest.model.design.logical.Attribute">
<Attribute name="fecha_titulo" id="56031AE7-DD37-199A-5BA5-8F57323000F3">
<createdBy>figue</createdBy>
<createdTime>2026-01-29 12:10:25 UTC</createdTime>
<ownerDesignName>Formativa3</ownerDesignName>
<engineerTo>
<item key="170F89DA-453D-8097-A52B-492E5D132143" value="true"/>
</engineerTo>
<useDomainConstraints>false</useDomainConstraints>
<use>1</use>
<logicalDatatype>LOGDT007</logicalDatatype>
<ownDataTypeParameters>,,</ownDataTypeParameters>
</Attribute>
<Attribute name="institucion" id="73A88A1E-FEFC-1D84-FFDF-21D7F80C4EC5">
<createdBy>figue</createdBy>
<createdTime>2026-01-29 15:53:06 UTC</createdTime>
<ownerDesignName>Formativa3</ownerDesignName>
<engineerTo>
<item key="170F89DA-453D-8097-A52B-492E5D132143" value="true"/>
</engineerTo>
<useDomainConstraints>false</useDomainConstraints>
<use>1</use>
<logicalDatatype>LOGDT024</logicalDatatype>
<dataTypeSize>100</dataTypeSize>
<ownDataTypeParameters>100,,</ownDataTypeParameters>
</Attribute>
<Attribute name="id_profesional" id="9E6BA32C-FF4F-A05A-71F6-DE09F93A87AF">
<createdBy>figue</createdBy>
<createdTime>2026-01-29 12:13:28 UTC</createdTime>
<generatorID>3F624B00-63AB-914E-D2D0-0300F58C8E2A</generatorID>
<ownerDesignName>Formativa3</ownerDesignName>
<engineerTo>
<item key="170F89DA-453D-8097-A52B-492E5D132143" value="true"/>
</engineerTo>
<referedAttribute>4683684A-3E6F-5EF8-B796-8B5AB661629B</referedAttribute>
<useDomainConstraints>false</useDomainConstraints>
<use>1</use>
<logicalDatatype>LOGDT019</logicalDatatype>
<dataTypePrecision>6</dataTypePrecision>
<ownDataTypeParameters>,6,</ownDataTypeParameters>
</Attribute>
<Attribute name="id_postulante" id="64A29904-986C-5336-DC13-99452187E67F">
<createdBy>figue</createdBy>
<createdTime>2026-01-29 12:13:56 UTC</createdTime>
<generatorID>44714303-5111-068A-F343-18886E9C6A4E</generatorID>
<ownerDesignName>Formativa3</ownerDesignName>
<engineerTo>
<item key="170F89DA-453D-8097-A52B-492E5D132143" value="true"/>
</engineerTo>
<referedAttribute>9A29FBCA-423D-BF20-B6C1-AC0CEC0D1500</referedAttribute>
<useDomainConstraints>false</useDomainConstraints>
<use>1</use>
<logicalDatatype>LOGDT019</logicalDatatype>
<dataTypePrecision>12</dataTypePrecision>
<ownDataTypeParameters>,12,</ownDataTypeParameters>
</Attribute>
<Attribute name="id_grado" id="63EE1E19-86B6-0EC8-074B-4A9209055C6A">
<createdBy>figue</createdBy>
<createdTime>2026-01-29 19:12:57 UTC</createdTime>
<generatorID>BB342241-1D90-0FF2-6157-9BF205FEB7E8</generatorID>
<ownerDesignName>Formativa3</ownerDesignName>
<engineerTo>
<item key="170F89DA-453D-8097-A52B-492E5D132143" value="true"/>
</engineerTo>
<nullsAllowed>true</nullsAllowed>
<referedAttribute>A2637823-EFD9-B618-CC08-B843E751EC19</referedAttribute>
<useDomainConstraints>false</useDomainConstraints>
<use>1</use>
<logicalDatatype>LOGDT019</logicalDatatype>
<dataTypePrecision>6</dataTypePrecision>
<ownDataTypeParameters>,6,</ownDataTypeParameters>
</Attribute>
</attributes>
<identifiers itemClass="oracle.dbtools.crest.model.design.logical.CandidateKey">
<identifier id="B9B79318-0F04-C4F2-BB08-659F14AC3FA3" name="POSTULANTE_PROFESION PK">
<createdBy>figue</createdBy>
<createdTime>2026-01-29 22:10:51 UTC</createdTime>
<ownerDesignName>Formativa3</ownerDesignName>
<engineerTo>
<item key="170F89DA-453D-8097-A52B-492E5D132143" value="true"/>
</engineerTo>
<pk>true</pk>
<usedAttributes>
<attributeRef>64A29904-986C-5336-DC13-99452187E67F</attributeRef>
</usedAttributes>
</identifier>
</identifiers>
</Entity>