<?xml version = '1.0' encoding = 'UTF-8'?>
<InheritanceRelation class="oracle.dbtools.crest.model.design.logical.InheritanceRelation" name="Hierarchy_8" directorySegmentName="seg_0" id="C2462227-2870-711A-9E4B-392144E4A6E5">
<createdBy>figue</createdBy>
<createdTime>2026-01-29 11:23:59 UTC</createdTime>
<ownerDesignName>Formativa3</ownerDesignName>
<engineerTo>
<item key="170F89DA-453D-8097-A52B-492E5D132143" value="true"/>
</engineerTo>
<identifying>false</identifying>
<nameOnSource>Super Type</nameOnSource>
<nameOnTarget>Sub Type</nameOnTarget>
<optionalSource>true</optionalSource>
<optionalTarget>true</optionalTarget>
<sourceEntity>C55E54C8-A391-0E51-61C0-9E6CE26C2C0E</sourceEntity>
<targetEntity>10879D95-9EDA-9F3C-E820-6540BCC0AE76</targetEntity>
<transferable>true</transferable>
<deleteRule>NO ACTION</deleteRule>
</InheritanceRelation>