<?xml version = '1.0' encoding = 'UTF-8'?>
<InheritanceRelation class="oracle.dbtools.crest.model.design.logical.InheritanceRelation" name="Hierarchy_9" directorySegmentName="seg_0" id="DB6B3DF3-364D-614D-E94A-2BAB5CD35B39">
<createdBy>figue</createdBy>
<createdTime>2026-01-29 12:37:14 UTC</createdTime>
<ownerDesignName>Formativa3</ownerDesignName>
<engineerTo>
<item key="170F89DA-453D-8097-A52B-492E5D132143" value="true"/>
</engineerTo>
<identifying>false</identifying>
<nameOnSource>Super Type</nameOnSource>
<nameOnTarget>Sub Type</nameOnTarget>
<optionalSource>true</optionalSource>
<optionalTarget>true</optionalTarget>
<sourceEntity>F41657EB-6CA1-F636-8451-4B4BABE5A6E7</sourceEntity>
<targetEntity>581E51AE-BF52-18DD-A671-5EBAB9D1BBAA</targetEntity>
<transferable>true</transferable>
<deleteRule>NO ACTION</deleteRule>
</InheritanceRelation>