<?xml version = '1.0' encoding = 'UTF-8'?>
<Relation class="oracle.dbtools.crest.model.design.logical.Relation" name="Relation_9" directorySegmentName="seg_0" id="026F9539-EF81-9DA7-10C4-B935CD2943AC">
<createdBy>figue</createdBy>
<createdTime>2026-01-27 20:37:46 UTC</createdTime>
<ownerDesignName>Formativa3</ownerDesignName>
<engineerTo>
<item key="170F89DA-453D-8097-A52B-492E5D132143" value="true"/>
</engineerTo>
<identifying>false</identifying>
<optionalSource>true</optionalSource>
<optionalTarget>false</optionalTarget>
<sourceCardinality>1</sourceCardinality>
<sourceEntity>8CC77503-2386-D8D3-49A2-C59E1885E22C</sourceEntity>
<targetCardinalityString>*</targetCardinalityString>
<targetEntity>70928B3B-62AD-B0F0-18E9-A1A52D4F654E</targetEntity>
<transferable>true</transferable>
<deleteRule>NO ACTION</deleteRule>
</Relation>