<?xml version = '1.0' encoding = 'UTF-8'?>
<Relation class="oracle.dbtools.crest.model.design.logical.Relation" name="Relation_35" directorySegmentName="seg_0" id="028AB6DE-0871-4942-8B46-1EE605FB2445">
<createdBy>figue</createdBy>
<createdTime>2026-01-29 14:49:37 UTC</createdTime>
<ownerDesignName>Formativa3</ownerDesignName>
<engineerTo>
<item key="170F89DA-453D-8097-A52B-492E5D132143" value="true"/>
</engineerTo>
<sourcePk>96F50EAC-80BB-2EDA-004C-EE02B70977C6</sourcePk>
<identifying>false</identifying>
<nameOnSource>alberga</nameOnSource>
<nameOnTarget>reside</nameOnTarget>
<optionalSource>true</optionalSource>
<optionalTarget>false</optionalTarget>
<sourceCardinality>1</sourceCardinality>
<sourceEntity>BC7220DC-227D-B6B1-F021-02913D36C985</sourceEntity>
<targetCardinalityString>*</targetCardinalityString>
<targetEntity>F41657EB-6CA1-F636-8451-4B4BABE5A6E7</targetEntity>
<transferable>true</transferable>
<deleteRule>NO ACTION</deleteRule>
</Relation>