<?xml version = '1.0' encoding = 'UTF-8'?>
<Relation class="oracle.dbtools.crest.model.design.logical.Relation" name="Relation_22" directorySegmentName="seg_0" id="10D736F0-67A0-257A-4EB4-BE3F42FA02A0">
<createdBy>figue</createdBy>
<createdTime>2026-01-29 18:20:31 UTC</createdTime>
<ownerDesignName>Formativa3</ownerDesignName>
<engineerTo>
<item key="170F89DA-453D-8097-A52B-492E5D132143" value="true"/>
</engineerTo>
<sourcePk>586F5EF3-E247-B0CF-63C2-AC723DE1A7C9</sourcePk>
<identifying>false</identifying>
<nameOnSource>aparece</nameOnSource>
<nameOnTarget>indica</nameOnTarget>
<optionalSource>false</optionalSource>
<optionalTarget>false</optionalTarget>
<sourceCardinality>1</sourceCardinality>
<sourceEntity>C5E088AD-85E6-6A1A-E879-28519731B106</sourceEntity>
<targetCardinalityString>*</targetCardinalityString>
<targetEntity>914E6834-3BC6-F2F8-B114-2476C80A50F3</targetEntity>
<transferable>true</transferable>
<deleteRule>NO ACTION</deleteRule>
</Relation>