<?xml version = '1.0' encoding = 'UTF-8'?>
<Relation class="oracle.dbtools.crest.model.design.logical.Relation" name="Relation_23" directorySegmentName="seg_0" id="3F624B00-63AB-914E-D2D0-0300F58C8E2A">
<createdBy>figue</createdBy>
<createdTime>2026-01-29 12:13:28 UTC</createdTime>
<ownerDesignName>Formativa3</ownerDesignName>
<engineerTo>
<item key="170F89DA-453D-8097-A52B-492E5D132143" value="true"/>
</engineerTo>
<sourcePk>73AC45A1-5CE3-BE14-4B67-F6C096DD735B</sourcePk>
<identifying>false</identifying>
<nameOnSource>pertenece</nameOnSource>
<nameOnTarget>corresponde</nameOnTarget>
<optionalSource>true</optionalSource>
<optionalTarget>false</optionalTarget>
<sourceCardinality>1</sourceCardinality>
<sourceEntity>9D91866D-74E7-5FB4-28ED-1244E48C6E4D</sourceEntity>
<targetCardinalityString>*</targetCardinalityString>
<targetEntity>C83F71E1-E3AE-6513-1B03-B9CD06E2C065</targetEntity>
<transferable>true</transferable>
<deleteRule>NO ACTION</deleteRule>
</Relation>