<?xml version = '1.0' encoding = 'UTF-8'?>
<Relation class="oracle.dbtools.crest.model.design.logical.Relation" name="Relation_8" directorySegmentName="seg_0" id="3F7CD9D8-AA99-DD74-5596-1F0DD472C959">
<createdBy>figue</createdBy>
<createdTime>2026-01-27 20:37:35 UTC</createdTime>
<ownerDesignName>Formativa3</ownerDesignName>
<engineerTo>
<item key="170F89DA-453D-8097-A52B-492E5D132143" value="true"/>
</engineerTo>
<identifying>false</identifying>
<optionalSource>true</optionalSource>
<optionalTarget>false</optionalTarget>
<sourceCardinality>1</sourceCardinality>
<sourceEntity>FB201A70-0194-75B0-68CA-B84DE65DAE90</sourceEntity>
<targetCardinalityString>*</targetCardinalityString>
<targetEntity>70928B3B-62AD-B0F0-18E9-A1A52D4F654E</targetEntity>
<transferable>true</transferable>
<deleteRule>NO ACTION</deleteRule>
</Relation>