<?xml version = '1.0' encoding = 'UTF-8'?>
<Relation class="oracle.dbtools.crest.model.design.logical.Relation" name="Relation_25" directorySegmentName="seg_0" id="44714303-5111-068A-F343-18886E9C6A4E">
<createdBy>figue</createdBy>
<createdTime>2026-01-29 12:13:56 UTC</createdTime>
<ownerDesignName>Formativa3</ownerDesignName>
<engineerTo>
<item key="170F89DA-453D-8097-A52B-492E5D132143" value="true"/>
</engineerTo>
<targetTransferable>false</targetTransferable>
<sourcePk>618195C7-1B10-44A6-208D-E6B403940DC7</sourcePk>
<identifying>true</identifying>
<nameOnSource>posee</nameOnSource>
<nameOnTarget>pertenece</nameOnTarget>
<optionalSource>true</optionalSource>
<optionalTarget>false</optionalTarget>
<sourceCardinality>1</sourceCardinality>
<sourceEntity>F41657EB-6CA1-F636-8451-4B4BABE5A6E7</sourceEntity>
<targetCardinalityString>*</targetCardinalityString>
<targetEntity>C83F71E1-E3AE-6513-1B03-B9CD06E2C065</targetEntity>
<transferable>true</transferable>
<deleteRule>NO ACTION</deleteRule>
</Relation>