<?xml version = '1.0' encoding = 'UTF-8'?>
<Relation class="oracle.dbtools.crest.model.design.logical.Relation" name="Relation_33" directorySegmentName="seg_0" id="5A129E84-1EE1-18BC-9C34-4793E60ADA53">
<createdBy>figue</createdBy>
<createdTime>2026-01-29 14:49:02 UTC</createdTime>
<ownerDesignName>Formativa3</ownerDesignName>
<engineerTo>
<item key="170F89DA-453D-8097-A52B-492E5D132143" value="true"/>
</engineerTo>
<targetTransferable>false</targetTransferable>
<sourcePk>6F43B196-02FF-734A-ECAD-C3406EE052D2</sourcePk>
<identifying>false</identifying>
<nameOnSource>conforma</nameOnSource>
<nameOnTarget>integra</nameOnTarget>
<optionalSource>true</optionalSource>
<optionalTarget>false</optionalTarget>
<sourceCardinality>1</sourceCardinality>
<sourceEntity>601FA498-E1AA-7492-6DFB-1EA603506BCA</sourceEntity>
<targetCardinalityString>*</targetCardinalityString>
<targetEntity>37AAE8EF-8AF3-6092-BBE0-311D098D2250</targetEntity>
<transferable>true</transferable>
<deleteRule>NO ACTION</deleteRule>
</Relation>