<?xml version = '1.0' encoding = 'UTF-8'?>
<Relation class="oracle.dbtools.crest.model.design.logical.Relation" name="Relation_11" directorySegmentName="seg_0" id="5A93E256-5830-0879-00BF-2A740A812251">
<createdBy>figue</createdBy>
<createdTime>2026-01-27 20:38:56 UTC</createdTime>
<ownerDesignName>Formativa3</ownerDesignName>
<engineerTo>
<item key="170F89DA-453D-8097-A52B-492E5D132143" value="true"/>
</engineerTo>
<sourceTransferable>false</sourceTransferable>
<sourcePk>C6A7155E-9B80-F2F8-E010-88267932F435</sourcePk>
<targetPk>618195C7-1B10-44A6-208D-E6B403940DC7</targetPk>
<identifying>true</identifying>
<nameOnSource>realiza</nameOnSource>
<nameOnTarget>pertenece</nameOnTarget>
<optionalSource>false</optionalSource>
<optionalTarget>true</optionalTarget>
<sourceCardinality>*</sourceCardinality>
<sourceEntity>C55E54C8-A391-0E51-61C0-9E6CE26C2C0E</sourceEntity>
<targetCardinalityString>1</targetCardinalityString>
<targetEntity>F41657EB-6CA1-F636-8451-4B4BABE5A6E7</targetEntity>
<transferable>true</transferable>
<deleteRule>NO ACTION</deleteRule>
</Relation>