<?xml version = '1.0' encoding = 'UTF-8'?>
<Relation class="oracle.dbtools.crest.model.design.logical.Relation" name="Relation_7" directorySegmentName="seg_0" id="63E1F832-28BC-C13B-F1F2-64A137D4124F">
<createdBy>figue</createdBy>
<createdTime>2026-01-27 20:30:13 UTC</createdTime>
<ownerDesignName>Formativa3</ownerDesignName>
<engineerTo>
<item key="170F89DA-453D-8097-A52B-492E5D132143" value="true"/>
</engineerTo>
<sourcePk>030DD04C-DE58-F8DC-DE24-676A4709BB9A</sourcePk>
<identifying>false</identifying>
<optionalSource>true</optionalSource>
<optionalTarget>false</optionalTarget>
<sourceCardinality>1</sourceCardinality>
<sourceEntity>70928B3B-62AD-B0F0-18E9-A1A52D4F654E</sourceEntity>
<targetCardinalityString>*</targetCardinalityString>
<targetEntity>F41657EB-6CA1-F636-8451-4B4BABE5A6E7</targetEntity>
<transferable>true</transferable>
<deleteRule>NO ACTION</deleteRule>
</Relation>