<?xml version = '1.0' encoding = 'UTF-8'?>
<Relation class="oracle.dbtools.crest.model.design.logical.Relation" name="Relation_27" directorySegmentName="seg_0" id="8A0DE2B7-40E2-A2B9-E759-E982363DF529">
<createdBy>figue</createdBy>
<createdTime>2026-01-29 18:21:23 UTC</createdTime>
<ownerDesignName>Formativa3</ownerDesignName>
<engineerTo>
<item key="170F89DA-453D-8097-A52B-492E5D132143" value="true"/>
</engineerTo>
<targetTransferable>false</targetTransferable>
<sourcePk>50C95C0E-8107-1DC4-3558-397B8CE588DA</sourcePk>
<identifying>true</identifying>
<nameOnSource>requiere</nameOnSource>
<nameOnTarget>pertenece</nameOnTarget>
<optionalSource>true</optionalSource>
<optionalTarget>false</optionalTarget>
<sourceCardinality>1</sourceCardinality>
<sourceEntity>10879D95-9EDA-9F3C-E820-6540BCC0AE76</sourceEntity>
<targetCardinalityString>*</targetCardinalityString>
<targetEntity>C5E088AD-85E6-6A1A-E879-28519731B106</targetEntity>
<transferable>true</transferable>
<deleteRule>NO ACTION</deleteRule>
</Relation>