<?xml version = '1.0' encoding = 'UTF-8'?>
<Relation class="oracle.dbtools.crest.model.design.logical.Relation" name="Relation_6" directorySegmentName="seg_0" id="8D19BDEF-1089-0090-5A6B-455FF1E0B9DC">
<createdBy>figue</createdBy>
<createdTime>2026-01-27 20:29:49 UTC</createdTime>
<ownerDesignName>Formativa3</ownerDesignName>
<engineerTo>
<item key="170F89DA-453D-8097-A52B-492E5D132143" value="true"/>
</engineerTo>
<sourcePk>AF733604-820E-2072-A659-B337DDB9A39A</sourcePk>
<identifying>false</identifying>
<optionalSource>true</optionalSource>
<optionalTarget>false</optionalTarget>
<sourceCardinality>1</sourceCardinality>
<sourceEntity>70C59E64-1D82-C0F2-075D-C7542CCA8175</sourceEntity>
<targetCardinalityString>*</targetCardinalityString>
<targetEntity>70928B3B-62AD-B0F0-18E9-A1A52D4F654E</targetEntity>
<transferable>true</transferable>
<deleteRule>NO ACTION</deleteRule>
</Relation>