<?xml version = '1.0' encoding = 'UTF-8'?>
<Relation class="oracle.dbtools.crest.model.design.logical.Relation" name="Relation_32" directorySegmentName="seg_0" id="91EAFB36-4399-E271-1A16-2B8E9A0FA349">
<createdBy>figue</createdBy>
<createdTime>2026-01-29 14:19:42 UTC</createdTime>
<ownerDesignName>Formativa3</ownerDesignName>
<engineerTo>
<item key="170F89DA-453D-8097-A52B-492E5D132143" value="true"/>
</engineerTo>
<sourcePk>96F50EAC-80BB-2EDA-004C-EE02B70977C6</sourcePk>
<identifying>false</identifying>
<nameOnSource>acoge</nameOnSource>
<nameOnTarget>ubicada</nameOnTarget>
<optionalSource>true</optionalSource>
<optionalTarget>false</optionalTarget>
<sourceCardinality>1</sourceCardinality>
<sourceEntity>BC7220DC-227D-B6B1-F021-02913D36C985</sourceEntity>
<targetCardinalityString>*</targetCardinalityString>
<targetEntity>AEAB6134-9650-E8EE-192C-7CBAA184B35D</targetEntity>
<transferable>true</transferable>
<deleteRule>NO ACTION</deleteRule>
</Relation>