<?xml version = '1.0' encoding = 'UTF-8'?>
<Relation class="oracle.dbtools.crest.model.design.logical.Relation" name="Relation_13" directorySegmentName="seg_0" id="989D7C9E-09BB-0156-F742-9131D6B6E66B">
<createdBy>figue</createdBy>
<createdTime>2026-01-27 20:54:36 UTC</createdTime>
<ownerDesignName>Formativa3</ownerDesignName>
<engineerTo>
<item key="170F89DA-453D-8097-A52B-492E5D132143" value="true"/>
</engineerTo>
<targetTransferable>false</targetTransferable>
<sourcePk>618195C7-1B10-44A6-208D-E6B403940DC7</sourcePk>
<targetPk>31C5DCCA-1D57-926D-482D-E312D26A5FC7</targetPk>
<identifying>false</identifying>
<optionalSource>false</optionalSource>
<optionalTarget>false</optionalTarget>
<sourceCardinality>1</sourceCardinality>
<sourceEntity>38CBA4FB-E00F-517B-A84F-BBF54E658A5D</sourceEntity>
<targetCardinalityString>1</targetCardinalityString>
<targetEntity>0BC7BE44-A1F7-93C7-0F4A-4560F5EDE579</targetEntity>
<transferable>true</transferable>
<deleteRule>NO ACTION</deleteRule>
</Relation>