<?xml version = '1.0' encoding = 'UTF-8'?>
<Relation class="oracle.dbtools.crest.model.design.logical.Relation" name="Relation_5" directorySegmentName="seg_0" id="9EA7CA47-2649-BD2D-B65C-E8906DFE4FDC">
<createdBy>figue</createdBy>
<createdTime>2026-01-27 20:29:42 UTC</createdTime>
<ownerDesignName>Formativa3</ownerDesignName>
<engineerTo>
<item key="170F89DA-453D-8097-A52B-492E5D132143" value="true"/>
</engineerTo>
<sourcePk>6F43B196-02FF-734A-ECAD-C3406EE052D2</sourcePk>
<identifying>false</identifying>
<optionalSource>true</optionalSource>
<optionalTarget>false</optionalTarget>
<sourceCardinality>1</sourceCardinality>
<sourceEntity>601FA498-E1AA-7492-6DFB-1EA603506BCA</sourceEntity>
<targetCardinalityString>*</targetCardinalityString>
<targetEntity>3914540B-A70C-BA41-6328-0F00DCD9FB16</targetEntity>
<transferable>true</transferable>
<deleteRule>NO ACTION</deleteRule>
</Relation>