<?xml version = '1.0' encoding = 'UTF-8'?>
<Relation class="oracle.dbtools.crest.model.design.logical.Relation" name="Relation_28" directorySegmentName="seg_0" id="BB342241-1D90-0FF2-6157-9BF205FEB7E8">
<createdBy>figue</createdBy>
<createdTime>2026-01-29 19:12:57 UTC</createdTime>
<ownerDesignName>Formativa3</ownerDesignName>
<engineerTo>
<item key="170F89DA-453D-8097-A52B-492E5D132143" value="true"/>
</engineerTo>
<sourcePk>CB649061-978E-3B1D-D4BF-21B51CAABA51</sourcePk>
<identifying>false</identifying>
<nameOnSource>otorgado</nameOnSource>
<nameOnTarget>acredita</nameOnTarget>
<optionalSource>true</optionalSource>
<optionalTarget>true</optionalTarget>
<sourceCardinality>1</sourceCardinality>
<sourceEntity>2D910BA9-5F2E-9757-FD6E-D10691C1BC26</sourceEntity>
<targetCardinalityString>*</targetCardinalityString>
<targetEntity>C83F71E1-E3AE-6513-1B03-B9CD06E2C065</targetEntity>
<transferable>true</transferable>
<deleteRule>NO ACTION</deleteRule>
</Relation>