<?xml version = '1.0' encoding = 'UTF-8'?>
<Relation class="oracle.dbtools.crest.model.design.logical.Relation" name="Relation_29" directorySegmentName="seg_0" id="BB7707B4-F3FC-32AD-4DE1-7BC2BCE49224">
<createdBy>figue</createdBy>
<createdTime>2026-01-29 21:31:25 UTC</createdTime>
<ownerDesignName>Formativa3</ownerDesignName>
<engineerTo>
<item key="170F89DA-453D-8097-A52B-492E5D132143" value="true"/>
</engineerTo>
<sourcePk>784107A9-2426-863C-2A2F-F5A0CF108AD0</sourcePk>
<identifying>false</identifying>
<nameOnSource>recibe</nameOnSource>
<nameOnTarget>dirigida</nameOnTarget>
<optionalSource>true</optionalSource>
<optionalTarget>false</optionalTarget>
<sourceCardinality>1</sourceCardinality>
<sourceEntity>AEAB6134-9650-E8EE-192C-7CBAA184B35D</sourceEntity>
<targetCardinalityString>*</targetCardinalityString>
<targetEntity>C55E54C8-A391-0E51-61C0-9E6CE26C2C0E</targetEntity>
<transferable>true</transferable>
<deleteRule>NO ACTION</deleteRule>
</Relation>