<?xml version = '1.0' encoding = 'UTF-8'?>
<Relation class="oracle.dbtools.crest.model.design.logical.Relation" name="Relation_4" directorySegmentName="seg_0" id="C31E6789-011A-380A-AB56-1FEB81D69B2C">
<createdBy>figue</createdBy>
<createdTime>2026-01-27 20:29:34 UTC</createdTime>
<ownerDesignName>Formativa3</ownerDesignName>
<engineerTo>
<item key="170F89DA-453D-8097-A52B-492E5D132143" value="true"/>
</engineerTo>
<sourcePk>6F43B196-02FF-734A-ECAD-C3406EE052D2</sourcePk>
<identifying>false</identifying>
<optionalSource>true</optionalSource>
<optionalTarget>false</optionalTarget>
<sourceCardinality>1</sourceCardinality>
<sourceEntity>601FA498-E1AA-7492-6DFB-1EA603506BCA</sourceEntity>
<targetCardinalityString>*</targetCardinalityString>
<targetEntity>70C59E64-1D82-C0F2-075D-C7542CCA8175</targetEntity>
<transferable>true</transferable>
<deleteRule>NO ACTION</deleteRule>
</Relation>