<?xml version = '1.0' encoding = 'UTF-8'?>
<Relation class="oracle.dbtools.crest.model.design.logical.Relation" name="Relation_34" directorySegmentName="seg_0" id="E7091956-1D8D-8518-EC6C-4A00C97BCAD5">
<createdBy>figue</createdBy>
<createdTime>2026-01-29 14:49:15 UTC</createdTime>
<ownerDesignName>Formativa3</ownerDesignName>
<engineerTo>
<item key="170F89DA-453D-8097-A52B-492E5D132143" value="true"/>
</engineerTo>
<targetTransferable>false</targetTransferable>
<sourcePk>170A91BD-23F4-94AE-A044-28A251B175B1</sourcePk>
<identifying>false</identifying>
<nameOnSource>contiene</nameOnSource>
<nameOnTarget>pertenece</nameOnTarget>
<optionalSource>true</optionalSource>
<optionalTarget>false</optionalTarget>
<sourceCardinality>1</sourceCardinality>
<sourceEntity>37AAE8EF-8AF3-6092-BBE0-311D098D2250</sourceEntity>
<targetCardinalityString>*</targetCardinalityString>
<targetEntity>BC7220DC-227D-B6B1-F021-02913D36C985</targetEntity>
<transferable>true</transferable>
<deleteRule>NO ACTION</deleteRule>
</Relation>