<?xml version = '1.0' encoding = 'UTF-8'?>
<Relation class="oracle.dbtools.crest.model.design.logical.Relation" name="Relation_10" directorySegmentName="seg_0" id="F1DF51F4-5F05-98B6-1480-C07DD6AFE279">
<createdBy>figue</createdBy>
<createdTime>2026-01-27 20:38:01 UTC</createdTime>
<ownerDesignName>Formativa3</ownerDesignName>
<engineerTo>
<item key="170F89DA-453D-8097-A52B-492E5D132143" value="true"/>
</engineerTo>
<identifying>false</identifying>
<optionalSource>true</optionalSource>
<optionalTarget>false</optionalTarget>
<sourceCardinality>1</sourceCardinality>
<sourceEntity>8CC77503-2386-D8D3-49A2-C59E1885E22C</sourceEntity>
<targetCardinalityString>*</targetCardinalityString>
<targetEntity>3914540B-A70C-BA41-6328-0F00DCD9FB16</targetEntity>
<transferable>true</transferable>
<deleteRule>NO ACTION</deleteRule>
</Relation>