<?xml version = '1.0' encoding = 'UTF-8'?>
<Relation class="oracle.dbtools.crest.model.design.logical.Relation" name="Relation_26" directorySegmentName="seg_0" id="F855C8E0-3277-41B5-6598-B34B1421EEEB">
<createdBy>figue</createdBy>
<createdTime>2026-01-29 18:20:49 UTC</createdTime>
<ownerDesignName>Formativa3</ownerDesignName>
<engineerTo>
<item key="170F89DA-453D-8097-A52B-492E5D132143" value="true"/>
</engineerTo>
<sourcePk>2C1254CE-D28A-D76B-A99D-F41CC6A42A0D</sourcePk>
<identifying>false</identifying>
<nameOnSource>califica</nameOnSource>
<nameOnTarget>exige</nameOnTarget>
<optionalSource>true</optionalSource>
<optionalTarget>false</optionalTarget>
<sourceCardinality>1</sourceCardinality>
<sourceEntity>C4465C6F-62B6-27BB-852F-1BE776BBCF84</sourceEntity>
<targetCardinalityString>*</targetCardinalityString>
<targetEntity>914E6834-3BC6-F2F8-B114-2476C80A50F3</targetEntity>
<transferable>true</transferable>
<deleteRule>NO ACTION</deleteRule>
</Relation>