<?xml version = '1.0' encoding = 'UTF-8'?>
<Diagram class="oracle.dbtools.crest.swingui.logical.DPVLogical" name="Logical" id="B5EE1556-0386-20B0-3EE9-26BCFC92DB7D">
<createdBy>figue</createdBy>
<modifiedBy>figue</modifiedBy>
<createdTime>2026-01-27 19:50:08 UTC</createdTime>
<autoRoute>false</autoRoute>
<boxInbox>true</boxInbox>
<showLegend>false</showLegend>
<showLabels>true</showLabels>
<showRelAttributes>false</showRelAttributes>
<gridEnabled>false</gridEnabled>
<showGrid>false</showGrid>
<diagramColor>-1</diagramColor>
<display>false</display>
<notation>1</notation>
<objectViews>
<OView class="oracle.dbtools.crest.swingui.logical.TVEntity" oid="10879D95-9EDA-9F3C-E820-6540BCC0AE76" otype="Entity" vid="5D46DEAA-E2E3-712A-4C13-4D86033C6D76">
<hideElementsInCurrentOnly>false</hideElementsInCurrentOnly>
<bounds x="1134" y="97" width="175" height="77"/>
</OView>
<OView class="oracle.dbtools.crest.swingui.logical.TVEntity" oid="2D910BA9-5F2E-9757-FD6E-D10691C1BC26" otype="Entity" vid="E7199C36-25A1-788B-B441-478C49329A7F">
<hideElementsInCurrentOnly>false</hideElementsInCurrentOnly>
<bounds x="241" y="685" width="186" height="110"/>
</OView>
<OView class="oracle.dbtools.crest.swingui.logical.TVEntity" oid="37AAE8EF-8AF3-6092-BBE0-311D098D2250" otype="Entity" vid="75F7F488-091E-E89F-3D85-B68980288EB3">
<hideElementsInCurrentOnly>false</hideElementsInCurrentOnly>
<bounds x="470" y="663" width="240" height="110"/>
</OView>
<OView class="oracle.dbtools.crest.swingui.logical.TVEntity" oid="581E51AE-BF52-18DD-A671-5EBAB9D1BBAA" otype="Entity" vid="6ADDC026-BA44-B892-60F3-8A4B993DF713">
<hideElementsInCurrentOnly>false</hideElementsInCurrentOnly>
<bounds x="362" y="38" width="220" height="73"/>
</OView>
<OView class="oracle.dbtools.crest.swingui.logical.TVEntity" oid="601FA498-E1AA-7492-6DFB-1EA603506BCA" otype="Entity" vid="EA94774A-1B0A-F22D-8AF8-C1400285D6E5">
<hideElementsInCurrentOnly>false</hideElementsInCurrentOnly>
<bounds x="849" y="732" width="199" height="79"/>
</OView>
<OView class="oracle.dbtools.crest.swingui.logical.TVEntity" oid="8CC77503-2386-D8D3-49A2-C59E1885E22C" otype="Entity" vid="BAF59423-A0A8-8376-CCD5-DCEA0DEA58D4">
<hideElementsInCurrentOnly>false</hideElementsInCurrentOnly>
<bounds x="922" y="469" width="177" height="52"/>
</OView>
<OView class="oracle.dbtools.crest.swingui.logical.TVEntity" oid="914E6834-3BC6-F2F8-B114-2476C80A50F3" otype="Entity" vid="C112663D-CE6E-D422-8131-50A283AD9601">
<hideElementsInCurrentOnly>false</hideElementsInCurrentOnly>
<bounds x="1119" y="501" width="217" height="105"/>
</OView>
<OView class="oracle.dbtools.crest.swingui.logical.TVEntity" oid="9552EEDF-8764-FDCD-1602-3758BD4C256D" otype="Entity" vid="824E3A38-4A74-E363-0D4D-8575BCAFFA22">
<hideElementsInCurrentOnly>false</hideElementsInCurrentOnly>
<bounds x="864" y="121" width="202" height="53"/>
</OView>
<OView class="oracle.dbtools.crest.swingui.logical.TVEntity" oid="9D91866D-74E7-5FB4-28ED-1244E48C6E4D" otype="Entity" vid="375E2AED-0E68-0956-D626-33D8078EA204">
<hideElementsInCurrentOnly>false</hideElementsInCurrentOnly>
<bounds x="0" y="676" width="214" height="110"/>
</OView>
<OView class="oracle.dbtools.crest.swingui.logical.TVEntity" oid="AEAB6134-9650-E8EE-192C-7CBAA184B35D" otype="Entity" vid="8D99D04F-28C0-0007-B8C5-225F76B2F3A0">
<hideElementsInCurrentOnly>false</hideElementsInCurrentOnly>
<bounds x="743" y="296" width="366" height="235"/>
</OView>
<OView class="oracle.dbtools.crest.swingui.logical.TVEntity" oid="BC7220DC-227D-B6B1-F021-02913D36C985" otype="Entity" vid="7E48FD79-0EAC-16C3-7529-0CCF16D062C5">
<hideElementsInCurrentOnly>false</hideElementsInCurrentOnly>
<bounds x="417" y="442" width="220" height="110"/>
</OView>
<OView class="oracle.dbtools.crest.swingui.logical.TVEntity" oid="C4465C6F-62B6-27BB-852F-1BE776BBCF84" otype="Entity" vid="B34568C3-0C2D-8367-40AF-78AF3604D5B1">
<hideElementsInCurrentOnly>false</hideElementsInCurrentOnly>
<bounds x="1144" y="692" width="190" height="79"/>
</OView>
<OView class="oracle.dbtools.crest.swingui.logical.TVEntity" oid="C55E54C8-A391-0E51-61C0-9E6CE26C2C0E" otype="Entity" vid="A7C40522-3719-E8A0-8BE6-5BC28B9BD744">
<hideElementsInCurrentOnly>false</hideElementsInCurrentOnly>
<bounds x="859" y="9" width="460" height="175"/>
</OView>
<OView class="oracle.dbtools.crest.swingui.logical.TVEntity" oid="C5E088AD-85E6-6A1A-E879-28519731B106" otype="Entity" vid="39EDC614-CCA2-5F55-5DA4-212181F42037">
<hideElementsInCurrentOnly>false</hideElementsInCurrentOnly>
<bounds x="1119" y="336" width="193" height="98"/>
</OView>
<OView class="oracle.dbtools.crest.swingui.logical.TVEntity" oid="C83F71E1-E3AE-6513-1B03-B9CD06E2C065" otype="Entity" vid="ED5EB7CA-FE5C-5A9B-FC8F-A4451E6E69A7">
<hideElementsInCurrentOnly>false</hideElementsInCurrentOnly>
<bounds x="113" y="457" width="263" height="113"/>
</OView>
<OView class="oracle.dbtools.crest.swingui.logical.TVEntity" oid="D1EA1B90-99EE-509A-433E-50FF2404D59F" otype="Entity" vid="EA9687F0-D4A5-671A-62DC-B69CD12B3201">
<hideElementsInCurrentOnly>false</hideElementsInCurrentOnly>
<bounds x="301" y="136" width="281" height="69"/>
</OView>
<OView class="oracle.dbtools.crest.swingui.logical.TVEntity" oid="F41657EB-6CA1-F636-8451-4B4BABE5A6E7" otype="Entity" vid="1E2932DD-8194-304A-DB07-3ABFF5B698EC">
<hideElementsInCurrentOnly>false</hideElementsInCurrentOnly>
<bounds x="100" y="0" width="492" height="317"/>
</OView>
<OView class="oracle.dbtools.crest.swingui.logical.TVEntity" oid="FB201A70-0194-75B0-68CA-B84DE65DAE90" otype="Entity" vid="7C5F503F-24C1-1787-B59B-38278DA1DB86">
<hideElementsInCurrentOnly>false</hideElementsInCurrentOnly>
<bounds x="749" y="469" width="168" height="52"/>
</OView>
</objectViews>
<connectors>
<Connector class="oracle.dbtools.crest.swingui.logical.TVRelation" oid="028AB6DE-0871-4942-8B46-1EE605FB2445" otype="Relation" vid_source="7E48FD79-0EAC-16C3-7529-0CCF16D062C5" vid_target="1E2932DD-8194-304A-DB07-3ABFF5B698EC">
<hideElementsInCurrentOnly>false</hideElementsInCurrentOnly>
<backgroundColor>-16777216</backgroundColor>
<lineWidth>1</lineWidth>
<sourceLabel class="oracle.dbtools.crest.model.design.Label">
<site>0</site>
<labelBounds x="504" y="406" width="51" height="30"/>
<noBackgroundColor>true</noBackgroundColor>
<noForegroundColor>true</noForegroundColor>
</sourceLabel>
<targetLabel class="oracle.dbtools.crest.model.design.Label">
<site>2</site>
<labelBounds x="504" y="353" width="43" height="30"/>
<noBackgroundColor>true</noBackgroundColor>
<noForegroundColor>true</noForegroundColor>
</targetLabel>
<points>
<point x="504" y="442"/>
<point x="504" y="317"/>
</points>
</Connector>
<Connector class="oracle.dbtools.crest.swingui.logical.TVRelation" oid="10D736F0-67A0-257A-4EB4-BE3F42FA02A0" otype="Relation" vid_source="39EDC614-CCA2-5F55-5DA4-212181F42037" vid_target="C112663D-CE6E-D422-8131-50A283AD9601">
<hideElementsInCurrentOnly>false</hideElementsInCurrentOnly>
<backgroundColor>-16777216</backgroundColor>
<lineWidth>1</lineWidth>
<sourceLabel class="oracle.dbtools.crest.model.design.Label">
<site>0</site>
<labelBounds x="1215" y="470" width="54" height="30"/>
<noBackgroundColor>true</noBackgroundColor>
<noForegroundColor>true</noForegroundColor>
</sourceLabel>
<targetLabel class="oracle.dbtools.crest.model.design.Label">
<site>2</site>
<labelBounds x="1215" y="444" width="43" height="51"/>
<noBackgroundColor>true</noBackgroundColor>
<noForegroundColor>true</noForegroundColor>
</targetLabel>
<points>
<point x="1215" y="434"/>
<point x="1215" y="501"/>
</points>
</Connector>
<Connector class="oracle.dbtools.crest.swingui.logical.TVInheritanceRelation" oid="2EC33B58-45F3-6ACB-B464-4193A4626B5F" otype="Hierarchy relation" vid_source="8D99D04F-28C0-0007-B8C5-225F76B2F3A0" vid_target="7C5F503F-24C1-1787-B59B-38278DA1DB86">
<hideElementsInCurrentOnly>false</hideElementsInCurrentOnly>
<backgroundColor>-65536</backgroundColor>
<lineWidth>1</lineWidth>
</Connector>
<Connector class="oracle.dbtools.crest.swingui.logical.TVRelation" oid="3F624B00-63AB-914E-D2D0-0300F58C8E2A" otype="Relation" vid_source="375E2AED-0E68-0956-D626-33D8078EA204" vid_target="ED5EB7CA-FE5C-5A9B-FC8F-A4451E6E69A7">
<hideElementsInCurrentOnly>false</hideElementsInCurrentOnly>
<backgroundColor>-16777216</backgroundColor>
<lineWidth>1</lineWidth>
<sourceLabel class="oracle.dbtools.crest.model.design.Label">
<site>0</site>
<labelBounds x="163" y="640" width="52" height="30"/>
<noBackgroundColor>true</noBackgroundColor>
<noForegroundColor>true</noForegroundColor>
</sourceLabel>
<targetLabel class="oracle.dbtools.crest.model.design.Label">
<site>2</site>
<labelBounds x="163" y="606" width="73" height="30"/>
<noBackgroundColor>true</noBackgroundColor>
<noForegroundColor>true</noForegroundColor>
</targetLabel>
<points>
<point x="163" y="676"/>
<point x="163" y="570"/>
</points>
</Connector>
<Connector class="oracle.dbtools.crest.swingui.logical.TVRelation" oid="44714303-5111-068A-F343-18886E9C6A4E" otype="Relation" vid_source="1E2932DD-8194-304A-DB07-3ABFF5B698EC" vid_target="ED5EB7CA-FE5C-5A9B-FC8F-A4451E6E69A7">
<hideElementsInCurrentOnly>false</hideElementsInCurrentOnly>
<backgroundColor>-16777216</backgroundColor>
<lineWidth>1</lineWidth>
<sourceLabel class="oracle.dbtools.crest.model.design.Label">
<site>0</site>
<labelBounds x="244" y="361" width="43" height="30"/>
<noBackgroundColor>true</noBackgroundColor>
<noForegroundColor>true</noForegroundColor>
</sourceLabel>
<targetLabel class="oracle.dbtools.crest.model.design.Label">
<site>2</site>
<labelBounds x="244" y="413" width="63" height="30"/>
<noBackgroundColor>true</noBackgroundColor>
<noForegroundColor>true</noForegroundColor>
</targetLabel>
<points>
<point x="244" y="317"/>
<point x="244" y="457"/>
</points>
</Connector>
<Connector class="oracle.dbtools.crest.swingui.logical.TVInheritanceRelation" oid="4BA00F41-9AC2-0AB5-09C3-311127EE3A94" otype="Hierarchy relation" vid_source="1E2932DD-8194-304A-DB07-3ABFF5B698EC" vid_target="EA9687F0-D4A5-671A-62DC-B69CD12B3201">
<hideElementsInCurrentOnly>false</hideElementsInCurrentOnly>
<backgroundColor>-65536</backgroundColor>
<lineWidth>1</lineWidth>
</Connector>
<Connector class="oracle.dbtools.crest.swingui.logical.TVRelation" oid="5A129E84-1EE1-18BC-9C34-4793E60ADA53" otype="Relation" vid_source="EA94774A-1B0A-F22D-8AF8-C1400285D6E5" vid_target="75F7F488-091E-E89F-3D85-B68980288EB3">
<hideElementsInCurrentOnly>false</hideElementsInCurrentOnly>
<backgroundColor>-16777216</backgroundColor>
<lineWidth>1</lineWidth>
<sourceLabel class="oracle.dbtools.crest.model.design.Label">
<site>0</site>
<labelBounds x="783" y="722" width="60" height="30"/>
<noBackgroundColor>true</noBackgroundColor>
<noForegroundColor>true</noForegroundColor>
</sourceLabel>
<targetLabel class="oracle.dbtools.crest.model.design.Label">
<site>2</site>
<labelBounds x="720" y="755" width="48" height="30"/>
<noBackgroundColor>true</noBackgroundColor>
<noForegroundColor>true</noForegroundColor>
</targetLabel>
<points>
<point x="849" y="752"/>
<point x="710" y="752"/>
</points>
</Connector>
<Connector class="oracle.dbtools.crest.swingui.logical.TVRelation" oid="5A93E256-5830-0879-00BF-2A740A812251" otype="Relation" vid_source="A7C40522-3719-E8A0-8BE6-5BC28B9BD744" vid_target="1E2932DD-8194-304A-DB07-3ABFF5B698EC">
<hideElementsInCurrentOnly>false</hideElementsInCurrentOnly>
<backgroundColor>-16777216</backgroundColor>
<lineWidth>1</lineWidth>
<sourceLabel class="oracle.dbtools.crest.model.design.Label">
<site>0</site>
<labelBounds x="806" y="99" width="45" height="30"/>
<noBackgroundColor>true</noBackgroundColor>
<noForegroundColor>true</noForegroundColor>
</sourceLabel>
<targetLabel class="oracle.dbtools.crest.model.design.Label">
<site>2</site>
<labelBounds x="602" y="96" width="63" height="30"/>
<noBackgroundColor>true</noBackgroundColor>
<noForegroundColor>true</noForegroundColor>
</targetLabel>
<points>
<point x="859" y="96"/>
<point x="592" y="96"/>
</points>
</Connector>
<Connector class="oracle.dbtools.crest.swingui.logical.TVRelation" oid="8A0DE2B7-40E2-A2B9-E759-E982363DF529" otype="Relation" vid_source="5D46DEAA-E2E3-712A-4C13-4D86033C6D76" vid_target="39EDC614-CCA2-5F55-5DA4-212181F42037">
<hideElementsInCurrentOnly>false</hideElementsInCurrentOnly>
<backgroundColor>-16777216</backgroundColor>
<lineWidth>1</lineWidth>
<sourceLabel class="oracle.dbtools.crest.model.design.Label">
<site>0</site>
<labelBounds x="1221" y="210" width="54" height="30"/>
<noBackgroundColor>true</noBackgroundColor>
<noForegroundColor>true</noForegroundColor>
</sourceLabel>
<targetLabel class="oracle.dbtools.crest.model.design.Label">
<site>2</site>
<labelBounds x="1221" y="292" width="63" height="30"/>
<noBackgroundColor>true</noBackgroundColor>
<noForegroundColor>true</noForegroundColor>
</targetLabel>
<points>
<point x="1221" y="174"/>
<point x="1221" y="336"/>
</points>
</Connector>
<Connector class="oracle.dbtools.crest.swingui.logical.TVRelation" oid="91EAFB36-4399-E271-1A16-2B8E9A0FA349" otype="Relation" vid_source="7E48FD79-0EAC-16C3-7529-0CCF16D062C5" vid_target="8D99D04F-28C0-0007-B8C5-225F76B2F3A0">
<hideElementsInCurrentOnly>false</hideElementsInCurrentOnly>
<backgroundColor>-16777216</backgroundColor>
<lineWidth>1</lineWidth>
<sourceLabel class="oracle.dbtools.crest.model.design.Label">
<site>0</site>
<labelBounds x="647" y="456" width="45" height="30"/>
<noBackgroundColor>true</noBackgroundColor>
<noForegroundColor>true</noForegroundColor>
</sourceLabel>
<targetLabel class="oracle.dbtools.crest.model.design.Label">
<site>2</site>
<labelBounds x="683" y="489" width="54" height="30"/>
<noBackgroundColor>true</noBackgroundColor>
<noForegroundColor>true</noForegroundColor>
</targetLabel>
<points>
<point x="637" y="486"/>
<point x="743" y="486"/>
</points>
</Connector>
<Connector class="oracle.dbtools.crest.swingui.logical.TVRelation" oid="BB342241-1D90-0FF2-6157-9BF205FEB7E8" otype="Relation" vid_source="E7199C36-25A1-788B-B441-478C49329A7F" vid_target="ED5EB7CA-FE5C-5A9B-FC8F-A4451E6E69A7">
<hideElementsInCurrentOnly>false</hideElementsInCurrentOnly>
<backgroundColor>-16777216</backgroundColor>
<lineWidth>1</lineWidth>
<sourceLabel class="oracle.dbtools.crest.model.design.Label">
<site>0</site>
<labelBounds x="308" y="649" width="57" height="30"/>
<noBackgroundColor>true</noBackgroundColor>
<noForegroundColor>true</noForegroundColor>
</sourceLabel>
<targetLabel class="oracle.dbtools.crest.model.design.Label">
<site>2</site>
<labelBounds x="308" y="622" width="54" height="30"/>
<noBackgroundColor>true</noBackgroundColor>
<noForegroundColor>true</noForegroundColor>
</targetLabel>
<points>
<point x="308" y="685"/>
<point x="308" y="570"/>
</points>
</Connector>
<Connector class="oracle.dbtools.crest.swingui.logical.TVRelation" oid="BB7707B4-F3FC-32AD-4DE1-7BC2BCE49224" otype="Relation" vid_source="8D99D04F-28C0-0007-B8C5-225F76B2F3A0" vid_target="A7C40522-3719-E8A0-8BE6-5BC28B9BD744">
<hideElementsInCurrentOnly>false</hideElementsInCurrentOnly>
<backgroundColor>-16777216</backgroundColor>
<lineWidth>1</lineWidth>
<sourceLabel class="oracle.dbtools.crest.model.design.Label">
<site>0</site>
<labelBounds x="984" y="260" width="45" height="30"/>
<noBackgroundColor>true</noBackgroundColor>
<noForegroundColor>true</noForegroundColor>
</sourceLabel>
<targetLabel class="oracle.dbtools.crest.model.design.Label">
<site>2</site>
<labelBounds x="983" y="223" width="51" height="30"/>
<noBackgroundColor>true</noBackgroundColor>
<noForegroundColor>true</noForegroundColor>
</targetLabel>
<points>
<point x="984" y="296"/>
<point x="984" y="184"/>
</points>
</Connector>
<Connector class="oracle.dbtools.crest.swingui.logical.TVInheritanceRelation" oid="BF602A5D-AA87-1F2C-6948-E253B394F424" otype="Hierarchy relation" vid_source="8D99D04F-28C0-0007-B8C5-225F76B2F3A0" vid_target="BAF59423-A0A8-8376-CCD5-DCEA0DEA58D4">
<hideElementsInCurrentOnly>false</hideElementsInCurrentOnly>
<backgroundColor>-65536</backgroundColor>
<lineWidth>1</lineWidth>
</Connector>
<Connector class="oracle.dbtools.crest.swingui.logical.TVInheritanceRelation" oid="C2462227-2870-711A-9E4B-392144E4A6E5" otype="Hierarchy relation" vid_source="A7C40522-3719-E8A0-8BE6-5BC28B9BD744" vid_target="5D46DEAA-E2E3-712A-4C13-4D86033C6D76">
<hideElementsInCurrentOnly>false</hideElementsInCurrentOnly>
<backgroundColor>-65536</backgroundColor>
<lineWidth>1</lineWidth>
</Connector>
<Connector class="oracle.dbtools.crest.swingui.logical.TVInheritanceRelation" oid="DB6B3DF3-364D-614D-E94A-2BAB5CD35B39" otype="Hierarchy relation" vid_source="1E2932DD-8194-304A-DB07-3ABFF5B698EC" vid_target="6ADDC026-BA44-B892-60F3-8A4B993DF713">
<hideElementsInCurrentOnly>false</hideElementsInCurrentOnly>
<backgroundColor>-65536</backgroundColor>
<lineWidth>1</lineWidth>
</Connector>
<Connector class="oracle.dbtools.crest.swingui.logical.TVInheritanceRelation" oid="E143A7B3-57EC-4CF7-7008-CDF404826263" otype="Hierarchy relation" vid_source="A7C40522-3719-E8A0-8BE6-5BC28B9BD744" vid_target="824E3A38-4A74-E363-0D4D-8575BCAFFA22">
<hideElementsInCurrentOnly>false</hideElementsInCurrentOnly>
<backgroundColor>-65536</backgroundColor>
<lineWidth>1</lineWidth>
</Connector>
<Connector class="oracle.dbtools.crest.swingui.logical.TVRelation" oid="E7091956-1D8D-8518-EC6C-4A00C97BCAD5" otype="Relation" vid_source="75F7F488-091E-E89F-3D85-B68980288EB3" vid_target="7E48FD79-0EAC-16C3-7529-0CCF16D062C5">
<hideElementsInCurrentOnly>false</hideElementsInCurrentOnly>
<backgroundColor>-16777216</backgroundColor>
<lineWidth>1</lineWidth>
<sourceLabel class="oracle.dbtools.crest.model.design.Label">
<site>0</site>
<labelBounds x="553" y="619" width="57" height="30"/>
<noBackgroundColor>true</noBackgroundColor>
<noForegroundColor>true</noForegroundColor>
</sourceLabel>
<targetLabel class="oracle.dbtools.crest.model.design.Label">
<site>2</site>
<labelBounds x="553" y="604" width="63" height="30"/>
<noBackgroundColor>true</noBackgroundColor>
<noForegroundColor>true</noForegroundColor>
</targetLabel>
<points>
<point x="553" y="663"/>
<point x="553" y="552"/>
</points>
</Connector>
<Connector class="oracle.dbtools.crest.swingui.logical.TVRelation" oid="F855C8E0-3277-41B5-6598-B34B1421EEEB" otype="Relation" vid_source="B34568C3-0C2D-8367-40AF-78AF3604D5B1" vid_target="C112663D-CE6E-D422-8131-50A283AD9601">
<hideElementsInCurrentOnly>false</hideElementsInCurrentOnly>
<backgroundColor>-16777216</backgroundColor>
<lineWidth>1</lineWidth>
<sourceLabel class="oracle.dbtools.crest.model.design.Label">
<site>0</site>
<labelBounds x="1239" y="656" width="51" height="30"/>
<noBackgroundColor>true</noBackgroundColor>
<noForegroundColor>true</noForegroundColor>
</sourceLabel>
<targetLabel class="oracle.dbtools.crest.model.design.Label">
<site>2</site>
<labelBounds x="1235" y="642" width="41" height="30"/>
<noBackgroundColor>true</noBackgroundColor>
<noForegroundColor>true</noForegroundColor>
</targetLabel>
<points>
<point x="1239" y="692"/>
<point x="1239" y="606"/>
</points>
</Connector>
</connectors>
</Diagram>